t,count,max,mean,min,stddev,p50,p75,p95,p98,p99,p999
1595357324,100,1,1.000000,1,0.000000,1.000000,1.000000,1.000000,1.000000,1.000000,1.000000
1595357521,100,1,1.000000,1,0.000000,1.000000,1.000000,1.000000,1.000000,1.000000,1.000000
1595357758,100,2,2.000000,2,0.000000,2.000000,2.000000,2.000000,2.000000,2.000000,2.000000
1595357934,100,5,5.000000,5,0.000000,5.000000,5.000000,5.000000,5.000000,5.000000,5.000000
1595358261,100,10,10.000000,10,0.000000,10.000000,10.000000,10.000000,10.000000,10.000000,10.000000
1595358617,100,20,20.000000,20,0.000000,20.000000,20.000000,20.000000,20.000000,20.000000,20.000000
1595359437,100,41,41.000000,41,0.000000,41.000000,41.000000,41.000000,41.000000,41.000000,41.000000
