t,count,max,mean,min,stddev,p50,p75,p95,p98,p99,p999
1592788641,100,1021,427.809188,122,194.622491,389.000000,464.000000,941.000000,999.000000,1021.000000,1021.000000
