t,count,max,mean,min,stddev,p50,p75,p95,p98,p99,p999
1592788641,100,46,29.051571,24,2.391525,29.000000,30.000000,32.000000,33.000000,46.000000,46.000000
