t,count,max,mean,min,stddev,p50,p75,p95,p98,p99,p999
1592788641,100,9,5.853851,3,1.229187,6.000000,6.000000,7.000000,9.000000,9.000000,9.000000
