t,count,max,mean,min,stddev,p50,p75,p95,p98,p99,p999
1592788641,100,378,28.491227,22,34.847637,25.000000,25.000000,29.000000,33.000000,33.000000,378.000000
