t,count,mean_rate,m1_rate,m5_rate,m15_rate,rate_unit
1592788641,100,13.160725,20.000000,20.000000,20.000000,events/second
