t,count,mean_rate,m1_rate,m5_rate,m15_rate,rate_unit
1592788641,100,4.644853,15.576016,19.024588,19.669429,events/second
