t,count,max,mean,min,stddev,p50,p75,p95,p98,p99,p999
1592788641,100,42,24.409550,22,2.954539,24.000000,25.000000,28.000000,32.000000,39.000000,42.000000
