t,count,max,mean,min,stddev,p50,p75,p95,p98,p99,p999
1592788641,100,268,27.169025,21,23.987610,24.000000,26.000000,29.000000,31.000000,31.000000,268.000000
