t,count,max,mean,min,stddev,p50,p75,p95,p98,p99,p999
1592788641,100,39,29.213972,26,1.958506,29.000000,30.000000,33.000000,33.000000,35.000000,39.000000
