t,count,max,mean,min,stddev,p50,p75,p95,p98,p99,p999
1592788641,100,4072,65.898630,20,404.468784,24.000000,26.000000,30.000000,52.000000,4072.000000,4072.000000
