t,count,max,mean,min,stddev,p50,p75,p95,p98,p99,p999
1592788641,100,2769,59.730676,24,288.147913,29.000000,30.000000,33.000000,49.000000,2769.000000,2769.000000
