t,count,mean_rate,m1_rate,m5_rate,m15_rate,rate_unit
1592788641,100,3.565487,14.330626,18.710140,19.560457,events/second
