t,count,max,mean,min,stddev,p50,p75,p95,p98,p99,p999
1592788641,100,13,13.000000,13,0.000000,13.000000,13.000000,13.000000,13.000000,13.000000,13.000000
