t,count,max,mean,min,stddev,p50,p75,p95,p98,p99,p999
1592788641,100,6490,164.331502,49,748.229190,53.000000,55.000000,154.000000,3382.000000,6490.000000,6490.000000
