t,count,max,mean,min,stddev,p50,p75,p95,p98,p99,p999
1592788641,100,412,30.891385,24,38.062958,26.000000,27.000000,33.000000,36.000000,47.000000,412.000000
