t,count,max,mean,min,stddev,p50,p75,p95,p98,p99,p999
1592788641,100,2,2.000000,2,0.000000,2.000000,2.000000,2.000000,2.000000,2.000000,2.000000
