t,count,max,mean,min,stddev,p50,p75,p95,p98,p99,p999
1592788641,100,34,24.891616,22,2.481910,24.000000,25.000000,31.000000,34.000000,34.000000,34.000000
