t,count,max,mean,min,stddev,p50,p75,p95,p98,p99,p999
1592249135,100,2,2.000000,2,0.000000,2.000000,2.000000,2.000000,2.000000,2.000000,2.000000
1592249282,100,3,3.000000,3,0.000000,3.000000,3.000000,3.000000,3.000000,3.000000,3.000000
1592249470,100,3,3.000000,3,0.000000,3.000000,3.000000,3.000000,3.000000,3.000000,3.000000
1592249732,100,10,10.000000,10,0.000000,10.000000,10.000000,10.000000,10.000000,10.000000,10.000000
1592249998,100,20,20.000000,20,0.000000,20.000000,20.000000,20.000000,20.000000,20.000000,20.000000
1592250318,100,41,41.000000,41,0.000000,41.000000,41.000000,41.000000,41.000000,41.000000,41.000000
1592250711,100,82,82.000000,82,0.000000,82.000000,82.000000,82.000000,82.000000,82.000000,82.000000
