t,count,max,mean,min,stddev,p50,p75,p95,p98,p99,p999
1592249135,100,13,13.000000,13,0.000000,13.000000,13.000000,13.000000,13.000000,13.000000,13.000000
1592249282,100,14,14.000000,14,0.000000,14.000000,14.000000,14.000000,14.000000,14.000000,14.000000
1592249470,100,19,19.000000,19,0.000000,19.000000,19.000000,19.000000,19.000000,19.000000,19.000000
1592249732,100,46,46.000000,46,0.000000,46.000000,46.000000,46.000000,46.000000,46.000000,46.000000
1592249998,100,97,97.000000,97,0.000000,97.000000,97.000000,97.000000,97.000000,97.000000,97.000000
1592250318,100,197,197.000000,197,0.000000,197.000000,197.000000,197.000000,197.000000,197.000000,197.000000
1592250711,100,370,370.000000,370,0.000000,370.000000,370.000000,370.000000,370.000000,370.000000,370.000000
