t,count,max,mean,min,stddev,p50,p75,p95,p98,p99,p999
1592788924,100,1,1.000000,1,0.000000,1.000000,1.000000,1.000000,1.000000,1.000000,1.000000
1592789054,100,1,1.000000,1,0.000000,1.000000,1.000000,1.000000,1.000000,1.000000,1.000000
1592789196,100,2,2.000000,2,0.000000,2.000000,2.000000,2.000000,2.000000,2.000000,2.000000
1592789446,100,5,5.000000,5,0.000000,5.000000,5.000000,5.000000,5.000000,5.000000,5.000000
1592789641,100,10,10.000000,10,0.000000,10.000000,10.000000,10.000000,10.000000,10.000000,10.000000
1592790008,100,20,20.000000,20,0.000000,20.000000,20.000000,20.000000,20.000000,20.000000,20.000000
1592790677,100,41,41.000000,41,0.000000,41.000000,41.000000,41.000000,41.000000,41.000000,41.000000
