t,count,max,mean,min,stddev,p50,p75,p95,p98,p99,p999
1593657398,100,6,6.000000,6,0.000000,6.000000,6.000000,6.000000,6.000000,6.000000,6.000000
1593657519,100,6,6.000000,6,0.000000,6.000000,6.000000,6.000000,6.000000,6.000000,6.000000
1593657626,100,6,6.000000,6,0.000000,6.000000,6.000000,6.000000,6.000000,6.000000,6.000000
1593657773,100,7,7.000000,7,0.000000,7.000000,7.000000,7.000000,7.000000,7.000000,7.000000
1593658027,100,14,9.046913,9,0.482040,9.000000,9.000000,9.000000,9.000000,9.000000,14.000000
1593658472,100,12,12.000000,12,0.000000,12.000000,12.000000,12.000000,12.000000,12.000000,12.000000
1593659227,100,19,19.000000,19,0.000000,19.000000,19.000000,19.000000,19.000000,19.000000,19.000000
