t,count,mean_rate,m1_rate,m5_rate,m15_rate,rate_unit
1597094115,100,1.614998,7.996993,16.649812,18.814374,events/second
1597094223,100,1.594738,7.996993,16.649812,18.814374,events/second
1597094372,100,1.520548,7.357589,16.374615,18.710140,events/second
1597094721,100,1.015541,3.403159,11.028852,13.417806,events/second
1597095085,100,0.527791,0.477944,4.825114,7.093112,events/second
1597095476,100,0.271106,0.015523,1.524217,3.274674,events/second
1597096200,100,0.142578,0.000039,0.247951,1.062953,events/second
