t,count,max,mean,min,stddev,p50,p75,p95,p98,p99,p999
1592788365,100,1011,435.044130,116,206.166356,415.000000,484.000000,900.000000,952.000000,1011.000000,1011.000000
