t,count,max,mean,min,stddev,p50,p75,p95,p98,p99,p999
1592788365,100,7,7.000000,7,0.000000,7.000000,7.000000,7.000000,7.000000,7.000000,7.000000
