t,count,max,mean,min,stddev,p50,p75,p95,p98,p99,p999
1592788365,100,10,5.943379,3,1.297622,6.000000,6.000000,7.000000,9.000000,10.000000,10.000000
