t,count,mean_rate,m1_rate,m5_rate,m15_rate,rate_unit
1592788365,100,7.679638,16.888728,17.928932,18.109142,events/second
