t,count,max,mean,min,stddev,p50,p75,p95,p98,p99,p999
1592788365,100,452,29.574478,23,41.980606,25.000000,26.000000,29.000000,33.000000,41.000000,452.000000
