t,count,mean_rate,m1_rate,m5_rate,m15_rate,rate_unit
1592788365,100,13.243497,20.000000,20.000000,20.000000,events/second
