t,count,mean_rate,m1_rate,m5_rate,m15_rate,rate_unit
1592788365,100,3.318958,13.184813,18.400888,19.452090,events/second
