t,count,max,mean,min,stddev,p50,p75,p95,p98,p99,p999
1592788365,100,48,29.363960,25,2.583749,29.000000,30.000000,33.000000,35.000000,48.000000,48.000000
