t,count,max,mean,min,stddev,p50,p75,p95,p98,p99,p999
1592788365,100,28,23.670568,22,1.209987,23.000000,24.000000,26.000000,27.000000,28.000000,28.000000
