t,count,max,mean,min,stddev,p50,p75,p95,p98,p99,p999
1592788365,100,2,1.990163,1,0.098693,2.000000,2.000000,2.000000,2.000000,2.000000,2.000000
