t,count,max,mean,min,stddev,p50,p75,p95,p98,p99,p999
1592788365,100,333,28.927412,20,33.606217,24.000000,26.000000,28.000000,38.000000,170.000000,333.000000
