t,count,max,mean,min,stddev,p50,p75,p95,p98,p99,p999
1592788365,100,45,28.940478,24,2.255169,29.000000,30.000000,32.000000,35.000000,45.000000,45.000000
