t,count,max,mean,min,stddev,p50,p75,p95,p98,p99,p999
1592788365,100,417,31.039031,24,38.497046,26.000000,28.000000,34.000000,34.000000,39.000000,417.000000
