t,count,max,mean,min,stddev,p50,p75,p95,p98,p99,p999
1592788365,100,4083,66.606172,24,386.717425,29.000000,31.000000,33.000000,35.000000,46.000000,4083.000000
