t,count,max,mean,min,stddev,p50,p75,p95,p98,p99,p999
1592788365,100,9434,152.682444,21,986.109077,24.000000,25.000000,28.000000,3260.000000,3260.000000,9434.000000
