t,count,max,mean,min,stddev,p50,p75,p95,p98,p99,p999
1592788365,100,37,29.499175,25,2.151310,29.000000,31.000000,33.000000,34.000000,34.000000,37.000000
