t,count,max,mean,min,stddev,p50,p75,p95,p98,p99,p999
1592788365,100,38,24.978153,22,2.323846,24.000000,26.000000,29.000000,33.000000,34.000000,38.000000
