t,count,max,mean,min,stddev,p50,p75,p95,p98,p99,p999
1592788365,100,8729,323.859123,49,1452.288163,53.000000,56.000000,174.000000,8520.000000,8520.000000,8729.000000
