t,count,max,mean,min,stddev,p50,p75,p95,p98,p99,p999
1597089845,100,3,3.000000,3,0.000000,3.000000,3.000000,3.000000,3.000000,3.000000,3.000000
1597089983,100,3,3.000000,3,0.000000,3.000000,3.000000,3.000000,3.000000,3.000000,3.000000
1597090082,100,3,3.000000,3,0.000000,3.000000,3.000000,3.000000,3.000000,3.000000,3.000000
1597090198,100,4,4.000000,4,0.000000,4.000000,4.000000,4.000000,4.000000,4.000000,4.000000
1597090395,100,5,5.000000,5,0.000000,5.000000,5.000000,5.000000,5.000000,5.000000,5.000000
1597090766,100,6,6.000000,6,0.000000,6.000000,6.000000,6.000000,6.000000,6.000000,6.000000
1597091372,100,10,10.000000,10,0.000000,10.000000,10.000000,10.000000,10.000000,10.000000,10.000000
