t,count,mean_rate,m1_rate,m5_rate,m15_rate,rate_unit
1597089845,100,2.025979,10.268342,17.503466,19.130575,events/second
1597089983,100,1.934888,9.447331,17.214160,19.024588,events/second
1597090082,100,1.994130,9.447331,17.214160,19.024588,events/second
1597090198,100,1.275059,6.228064,15.837791,18.503400,events/second
1597090395,100,0.666913,1.833186,11.801922,16.097385,events/second
1597090766,100,0.351163,0.135355,5.087834,9.312968,events/second
1597091372,100,0.189296,0.001503,1.380010,4.303566,events/second
