t,count,mean_rate,m1_rate,m5_rate,m15_rate,rate_unit
1593655112,100,1.727459,8.691964,16.929634,18.919189,events/second
1593655241,100,1.511757,7.357589,16.374615,18.710140,events/second
1593655394,100,1.024468,1.714774,4.772325,5.680544,events/second
1593655539,100,1.013347,3.525403,11.465873,13.957684,events/second
1593655760,100,0.577885,0.568540,4.619222,6.550122,events/second
1593656138,100,0.291917,0.024317,1.721283,3.504037,events/second
1593656762,100,0.170513,0.000290,0.420645,1.416632,events/second
