t,count,max,mean,min,stddev,p50,p75,p95,p98,p99,p999
1593655112,100,3,3.000000,3,0.000000,3.000000,3.000000,3.000000,3.000000,3.000000,3.000000
1593655241,100,3,3.000000,3,0.000000,3.000000,3.000000,3.000000,3.000000,3.000000,3.000000
1593655394,100,3,3.000000,3,0.000000,3.000000,3.000000,3.000000,3.000000,3.000000,3.000000
1593655539,100,4,4.000000,4,0.000000,4.000000,4.000000,4.000000,4.000000,4.000000,4.000000
1593655760,100,5,5.000000,5,0.000000,5.000000,5.000000,5.000000,5.000000,5.000000,5.000000
1593656138,100,6,6.000000,6,0.000000,6.000000,6.000000,6.000000,6.000000,6.000000,6.000000
1593656762,100,10,10.000000,10,0.000000,10.000000,10.000000,10.000000,10.000000,10.000000,10.000000
