t,count,max,mean,min,stddev,p50,p75,p95,p98,p99,p999
1595364605,100,13,13.000000,13,0.000000,13.000000,13.000000,13.000000,13.000000,13.000000,13.000000
1595364801,100,14,14.000000,14,0.000000,14.000000,14.000000,14.000000,14.000000,14.000000,14.000000
1595364928,100,19,19.000000,19,0.000000,19.000000,19.000000,19.000000,19.000000,19.000000,19.000000
1595365089,100,46,46.000000,46,0.000000,46.000000,46.000000,46.000000,46.000000,46.000000,46.000000
1595365327,100,97,97.000000,97,0.000000,97.000000,97.000000,97.000000,97.000000,97.000000,97.000000
1595366072,100,197,197.000000,197,0.000000,197.000000,197.000000,197.000000,197.000000,197.000000,197.000000
1595366925,100,370,370.000000,370,0.000000,370.000000,370.000000,370.000000,370.000000,370.000000,370.000000
